{"cameraMode":{"drawMode":0,"name":"Shaded","section":"Shading Mode"},"sceneLighting":false,"audioPlay":false,"sceneViewState":{"showFog":true,"showMaterialUpdate":false,"showSkybox":false,"showFlares":true,"showImageEffects":true,"showParticleSystems":true},"in2DMode":false,"pivot":{"x":0.15054339170455934,"y":0.26580938696861269,"z":0.641497790813446},"rotation":{"x":-0.013639907352626324,"y":0.9862976670265198,"z":-0.11025388538837433,"w":-0.12310080975294113},"size":0.1293962597846985,"orthographic":false}