{"cameraMode":{"drawMode":0,"name":"Shaded","section":"Shading Mode"},"sceneLighting":false,"audioPlay":false,"sceneViewState":{"showFog":true,"showMaterialUpdate":false,"showSkybox":false,"showFlares":true,"showImageEffects":true,"showParticleSystems":true},"in2DMode":false,"pivot":{"x":0.007332801818847656,"y":1.0312597751617432,"z":0.11817324161529541},"rotation":{"x":0.02460266463458538,"y":0.9581601619720459,"z":-0.08676738291978836,"w":0.2716904878616333},"size":1.4467642307281495,"orthographic":false}