{"cameraMode":{"drawMode":0,"name":"Shaded","section":"Shading Mode"},"sceneLighting":false,"audioPlay":false,"sceneViewState":{"showFog":true,"showMaterialUpdate":false,"showSkybox":false,"showFlares":true,"showImageEffects":true,"showParticleSystems":true},"in2DMode":false,"pivot":{"x":34.96670913696289,"y":-56.19552993774414,"z":100.37552642822266},"rotation":{"x":-0.24639290571212769,"y":-0.1570478081703186,"z":0.040363017469644549,"w":-0.9556640386581421},"size":122.92587280273438,"orthographic":false}